image,rating,user
021850.jpg,3,zapperwing
050660.jpg,3,zapperwing
095110.jpg,2,zapperwing
105781.jpg,2,zapperwing
151493.jpg,3,zapperwing
059134.jpg,2,zapperwing
196933.jpg,2,zapperwing
139291.jpg,2,zapperwing
116621.jpg,4,zapperwing
024031.jpg,3,zapperwing
165784.jpg,3,zapperwing
146410.jpg,3,zapperwing
075093.jpg,2,zapperwing
167915.jpg,3,zapperwing
023086.jpg,3,zapperwing
158485.jpg,5,zapperwing
114634.jpg,5,zapperwing
201846.jpg,4,zapperwing
123395.jpg,3,zapperwing
169583.jpg,4,zapperwing
112150.jpg,4,zapperwing
157072.jpg,4,zapperwing
151706.jpg,4,zapperwing
